timestamp,timestamp_unix,vpv1_raw,vpv2_raw,vpv3_raw,vbat_raw,soc_soh_raw,fault_code,ppv1_w,ppv2_w,ppv_total_w,p_charge_w,p_discharge_w,t_inner_c,t_rad1_c,t_rad2_c,t_bat_c,max_cell_volt_raw,min_cell_volt_raw,max_cell_temp_raw,min_cell_temp_raw,bms_status,cycle_count,bat_volt_sample_raw,reg_108,soc_pct,soh_pct,vbat_v,vpv1_v,vpv2_v,vpv3_v,max_cell_temp_c,min_cell_temp_c,max_cell_volt_v,min_cell_volt_v
2025-12-28T14:39:50,1766961590,4059,3797,5,524,24115,15104,142,152,0,0,529,23,32,31,4,3275,3263,176,129,16,2,517,225,51,94,52.4,405.9,379.7,0.5,17.6,12.9,3.275,3.263
2025-12-28T14:49:51,1766962191,3870,3683,17,525,24115,15104,159,139,0,0,543,23,32,30,4,3277,3264,176,129,16,2,517,225,51,94,52.5,387.0,368.3,1.7,17.6,12.9,3.277,3.264
2025-12-28T14:59:52,1766962792,3733,3769,3,524,24114,15104,130,127,0,0,591,23,32,30,4,3275,3263,176,129,16,2,517,224,50,94,52.4,373.3,376.9,0.3,17.6,12.9,3.275,3.263
2025-12-28T15:09:53,1766963393,3883,3824,3,523,24114,15104,129,120,0,0,1248,23,32,30,4,3262,3250,176,129,16,2,515,226,50,94,52.3,388.3,382.4,0.3,17.6,12.9,3.262,3.25
2025-12-28T15:19:54,1766963994,3991,3884,5,522,24112,15104,95,92,0,0,1307,23,32,31,4,3261,3249,176,129,16,2,515,230,48,94,52.2,399.1,388.4,0.5,17.6,12.9,3.261,3.249
2025-12-28T15:29:54,1766964594,3920,3732,4,524,24112,15104,76,89,0,0,787,23,32,31,4,3270,3258,175,129,16,2,516,230,48,94,52.4,392.0,373.2,0.4,17.5,12.9,3.27,3.258
2025-12-28T15:39:55,1766965195,3801,3760,9,523,24111,15104,52,45,0,0,846,23,32,31,4,3269,3256,175,129,16,2,516,230,47,94,52.3,380.1,376.0,0.9,17.5,12.9,3.269,3.256
2025-12-28T15:49:56,1766965796,3940,3929,0,523,24110,15104,50,45,0,0,889,23,32,31,4,3269,3257,175,128,16,2,516,230,46,94,52.3,394.0,392.9,0.0,17.5,12.8,3.269,3.257
2025-12-28T15:59:57,1766966397,4040,3860,0,523,24109,15104,47,44,0,0,856,23,32,31,4,3269,3257,175,128,16,2,516,230,45,94,52.3,404.0,386.0,0.0,17.5,12.8,3.269,3.257
2025-12-28T16:09:58,1766966998,3756,3815,0,522,24108,15104,46,44,0,0,1453,24,32,30,4,3258,3245,175,128,16,2,514,232,44,94,52.2,375.6,381.5,0.0,17.5,12.8,3.258,3.245
2025-12-28T16:19:59,1766967599,3781,3813,0,523,24107,15104,44,43,0,0,848,24,32,31,4,3266,3253,174,128,16,2,516,235,43,94,52.3,378.1,381.3,0.0,17.4,12.8,3.266,3.253
2025-12-28T16:30:00,1766968200,3530,3447,0,523,24106,15104,41,39,0,0,874,24,32,31,4,3267,3255,174,128,16,2,516,233,42,94,52.3,353.0,344.7,0.0,17.4,12.8,3.267,3.255
2025-12-28T16:40:01,1766968801,3013,2331,0,523,24106,15104,35,26,0,0,873,24,32,30,4,3266,3253,174,128,16,2,516,231,42,94,52.3,301.3,233.1,0.0,17.4,12.8,3.266,3.253
2025-12-28T16:50:02,1766969402,1209,495,0,522,24104,14592,0,0,0,0,856,24,32,31,4,3262,3249,174,128,16,2,515,232,40,94,52.2,120.9,49.5,0.0,17.4,12.8,3.262,3.249
2025-12-28T17:00:03,1766970003,720,744,0,522,24103,14592,0,0,0,0,1247,24,32,31,4,3259,3246,174,128,16,2,515,232,39,94,52.2,72.0,74.4,0.0,17.4,12.8,3.259,3.246
2025-12-28T17:10:04,1766970604,224,232,0,520,24102,14592,0,0,0,0,1661,24,32,31,4,3248,3234,174,128,16,2,513,235,38,94,52.0,22.4,23.2,0.0,17.4,12.8,3.248,3.234
2025-12-28T17:20:05,1766971205,62,64,0,521,24101,14592,0,0,0,0,1098,24,32,31,4,3254,3240,174,128,16,2,513,236,37,94,52.1,6.2,6.4,0.0,17.4,12.8,3.254,3.24
2025-12-28T17:30:06,1766971806,32,32,0,521,24100,14592,0,0,0,0,972,24,32,31,4,3256,3241,174,129,16,2,514,235,36,94,52.1,3.2,3.2,0.0,17.4,12.9,3.256,3.241
2025-12-28T17:40:06,1766972406,29,29,0,521,24098,14592,0,0,0,0,1045,24,32,31,4,3253,3238,174,129,16,2,513,232,34,94,52.1,2.9,2.9,0.0,17.4,12.9,3.253,3.238
2025-12-28T17:50:07,1766973007,26,25,0,521,24097,14592,0,0,0,0,1007,24,32,30,4,3249,3238,175,129,16,2,513,232,33,94,52.1,2.6,2.5,0.0,17.5,12.9,3.249,3.238
2025-12-28T18:00:08,1766973608,26,25,0,518,24096,14592,0,0,0,0,1635,24,32,30,4,3238,3221,175,130,16,2,511,232,32,94,51.8,2.6,2.5,0.0,17.5,13.0,3.238,3.221
2025-12-28T18:10:09,1766974209,29,28,0,517,24095,14592,0,0,0,0,1996,24,32,30,4,3232,3217,176,131,16,2,509,234,31,94,51.7,2.9,2.8,0.0,17.6,13.1,3.232,3.217
2025-12-28T18:20:10,1766974810,29,28,0,519,24094,14592,0,0,0,0,1004,24,32,31,4,3241,3227,177,132,16,2,512,233,30,94,51.9,2.9,2.8,0.0,17.7,13.2,3.241,3.227
2025-12-28T18:30:11,1766975411,30,28,0,518,24092,14592,0,0,0,0,982,24,32,31,4,3234,3226,178,133,16,2,511,231,28,94,51.8,3.0,2.8,0.0,17.8,13.3,3.234,3.226
2025-12-28T18:40:12,1766976012,34,31,0,518,24092,14592,0,0,0,0,979,23,32,30,4,3233,3223,179,133,16,2,511,230,28,94,51.8,3.4,3.1,0.0,17.9,13.3,3.233,3.223
2025-12-28T18:50:13,1766976613,34,31,0,516,24090,14592,0,0,0,0,1641,24,31,30,4,3219,3209,180,135,16,2,508,230,26,94,51.6,3.4,3.1,0.0,18.0,13.5,3.219,3.209
2025-12-28T19:00:14,1766977214,36,33,0,525,24089,14592,0,0,0,0,1030,24,32,31,4,3275,3264,182,136,16,2,519,233,25,94,52.5,3.6,3.3,0.0,18.2,13.6,3.275,3.264
2025-12-28T19:10:15,1766977815,35,32,0,534,24092,14592,0,0,0,0,1002,24,32,30,4,3335,3318,185,139,16,2,528,232,28,94,53.4,3.5,3.2,0.0,18.5,13.9,3.335,3.318
2025-12-28T19:20:16,1766978416,31,29,0,536,24095,14592,0,0,0,0,1137,24,32,31,4,3348,3334,186,141,16,2,530,234,31,94,53.6,3.1,2.9,0.0,18.6,14.1,3.348,3.334
2025-12-28T19:30:17,1766979017,32,29,0,537,24098,14592,0,0,0,0,1077,24,33,31,4,3352,3340,188,144,16,2,531,237,34,94,53.7,3.2,2.9,0.0,18.8,14.4,3.352,3.34
2025-12-28T19:40:17,1766979617,34,30,0,536,24101,14592,0,0,0,0,1710,24,32,30,4,3347,3336,192,148,16,2,530,240,37,94,53.6,3.4,3.0,0.0,19.2,14.8,3.347,3.336
2025-12-28T19:50:18,1766980218,40,37,0,536,24104,14592,0,0,0,0,1542,25,33,31,4,3349,3337,194,151,16,2,530,248,40,94,53.6,4.0,3.7,0.0,19.4,15.1,3.349,3.337
2025-12-28T20:00:19,1766980819,45,42,0,536,24106,14592,0,0,0,0,2005,26,33,31,4,3346,3335,196,154,16,2,530,251,42,94,53.6,4.5,4.2,0.0,19.6,15.4,3.346,3.335
2025-12-28T20:10:20,1766981420,43,40,0,537,24109,14592,0,0,0,0,1047,26,33,32,4,3354,3341,200,160,16,2,531,254,45,94,53.7,4.3,4.0,0.0,20.0,16.0,3.354,3.341
2025-12-28T20:20:21,1766982021,39,35,0,537,24112,14592,0,0,0,0,1087,26,34,32,4,3355,3342,205,165,16,2,531,256,48,94,53.7,3.9,3.5,0.0,20.5,16.5,3.355,3.342
2025-12-28T20:30:22,1766982622,41,38,0,538,24115,14592,0,0,0,0,1100,26,34,32,4,3356,3343,210,169,16,2,531,257,51,94,53.8,4.1,3.8,0.0,21.0,16.9,3.356,3.343
2025-12-28T20:40:23,1766983223,42,38,0,537,24118,14592,0,0,0,0,1719,26,34,32,4,3354,3339,212,173,16,2,531,260,54,94,53.7,4.2,3.8,0.0,21.2,17.3,3.354,3.339
2025-12-28T20:50:24,1766983824,40,36,0,537,24121,14592,0,0,0,0,1619,27,34,33,4,3356,3341,214,176,16,2,531,267,57,94,53.7,4.0,3.6,0.0,21.4,17.6,3.356,3.341
2025-12-28T21:00:25,1766984425,35,31,0,539,24124,14592,0,0,0,0,1109,27,35,33,4,3371,3350,219,181,16,2,533,268,60,94,53.9,3.5,3.1,0.0,21.9,18.1,3.371,3.35
2025-12-28T21:10:26,1766985026,39,34,0,541,24127,14592,0,0,0,0,636,27,35,33,4,3380,3360,224,186,16,2,535,268,63,94,54.1,3.9,3.4,0.0,22.4,18.6,3.38,3.36
2025-12-28T21:20:27,1766985627,37,33,0,541,24130,14592,0,0,0,0,694,28,35,33,4,3379,3368,227,189,16,2,535,267,66,94,54.1,3.7,3.3,0.0,22.7,18.9,3.379,3.368
2025-12-28T21:30:28,1766986228,34,29,0,541,24133,14592,0,0,0,0,1339,27,35,32,4,3380,3366,227,191,16,2,535,267,69,94,54.1,3.4,2.9,0.0,22.7,19.1,3.38,3.366
2025-12-28T21:40:29,1766986829,33,27,0,541,24136,14592,0,0,0,0,1329,27,35,33,4,3382,3367,229,194,16,2,535,269,72,94,54.1,3.3,2.7,0.0,22.9,19.4,3.382,3.367
2025-12-28T21:50:29,1766987429,33,27,0,542,24139,14592,0,0,0,0,672,27,35,33,4,3384,3376,232,196,16,2,537,269,75,94,54.2,3.3,2.7,0.0,23.2,19.6,3.384,3.376
2025-12-28T22:00:30,1766988030,29,24,0,543,24143,14592,0,0,0,0,608,27,35,33,4,3391,3377,233,198,16,2,537,268,79,94,54.3,2.9,2.4,0.0,23.3,19.8,3.391,3.377
2025-12-28T22:10:31,1766988631,32,26,0,543,24146,14592,0,0,0,0,694,27,35,32,4,3389,3380,233,199,16,2,537,266,82,94,54.3,3.2,2.6,0.0,23.3,19.9,3.389,3.38
2025-12-28T22:20:32,1766989232,35,29,0,544,24149,14592,0,0,0,0,684,27,35,32,4,3394,3380,234,201,16,2,538,265,85,94,54.4,3.5,2.9,0.0,23.4,20.1,3.394,3.38
2025-12-28T22:30:33,1766989833,31,24,0,543,24153,14592,0,0,0,0,1273,27,35,32,4,3396,3380,236,203,16,2,538,267,89,94,54.3,3.1,2.4,0.0,23.6,20.3,3.396,3.38
2025-12-28T22:40:34,1766990434,39,33,0,544,24156,14592,0,0,0,0,1171,27,35,33,4,3400,3388,237,204,16,2,539,269,92,94,54.4,3.9,3.3,0.0,23.7,20.4,3.4,3.388
2025-12-28T22:50:35,1766991035,37,30,0,548,24159,14592,0,0,0,0,641,27,36,33,4,3420,3403,239,207,16,2,542,268,95,94,54.8,3.7,3.0,0.0,23.9,20.7,3.42,3.403
2025-12-28T23:00:36,1766991636,36,29,0,550,24163,14592,0,0,0,0,636,27,36,32,4,3441,3420,244,213,16,2,543,267,99,94,55.0,3.6,2.9,0.0,24.4,21.3,3.441,3.42
2025-12-28T23:10:37,1766992237,29,21,0,532,24163,14592,0,0,0,0,1228,27,35,32,4,3328,3318,242,211,16,2,525,265,99,94,53.2,2.9,2.1,0.0,24.2,21.1,3.328,3.318
2025-12-28T23:20:38,1766992838,27,20,0,531,24162,14592,0,0,0,0,1255,27,35,32,4,3319,3309,240,209,16,2,524,263,98,94,53.1,2.7,2.0,0.0,24.0,20.9,3.319,3.309
2025-12-28T23:30:39,1766993439,27,18,0,531,24161,14592,0,0,0,0,1279,27,35,32,4,3319,3309,237,207,16,2,524,262,97,94,53.1,2.7,1.8,0.0,23.7,20.7,3.319,3.309
2025-12-28T23:40:40,1766994040,28,18,0,532,24160,14592,0,0,0,0,683,26,35,32,4,3324,3314,235,205,16,2,524,258,96,94,53.2,2.8,1.8,0.0,23.5,20.5,3.324,3.314
2025-12-28T23:50:40,1766994640,27,17,0,532,24159,14592,0,0,0,0,664,26,35,32,4,3325,3315,235,204,16,2,525,252,95,94,53.2,2.7,1.7,0.0,23.5,20.4,3.325,3.315
2025-12-29T00:00:41,1766995241,26,17,0,532,24159,14592,0,0,0,0,675,25,34,31,4,3325,3316,233,201,16,2,525,247,95,94,53.2,2.6,1.7,0.0,23.3,20.1,3.325,3.316
2025-12-29T00:10:42,1766995842,26,17,0,532,24158,14592,0,0,0,0,625,25,34,31,4,3327,3316,230,199,16,2,525,243,94,94,53.2,2.6,1.7,0.0,23.0,19.9,3.327,3.316
2025-12-29T00:20:43,1766996443,26,16,0,531,24158,14592,0,0,0,0,1190,24,34,30,4,3322,3310,229,197,16,2,524,240,94,94,53.1,2.6,1.6,0.0,22.9,19.7,3.322,3.31
2025-12-29T00:30:44,1766997044,25,16,0,531,24157,14592,0,0,0,0,1183,25,33,31,4,3319,3309,229,196,16,2,523,240,93,94,53.1,2.5,1.6,0.0,22.9,19.6,3.319,3.309
2025-12-29T00:40:45,1766997645,26,16,0,532,24156,14592,0,0,0,0,551,24,34,31,4,3327,3317,227,194,16,2,525,238,92,94,53.2,2.6,1.6,0.0,22.7,19.4,3.327,3.317
2025-12-29T00:50:46,1766998246,25,15,0,532,24156,14592,0,0,0,0,589,24,33,30,4,3327,3316,224,191,16,2,525,234,92,94,53.2,2.5,1.5,0.0,22.4,19.1,3.327,3.316
2025-12-29T01:00:47,1766998847,24,14,0,532,24155,14592,0,0,0,0,558,23,33,30,4,3325,3315,223,190,16,2,525,231,91,94,53.2,2.4,1.4,0.0,22.3,19.0,3.325,3.315
2025-12-29T01:10:48,1766999448,23,13,0,531,24154,14592,0,0,0,0,1185,23,33,29,4,3320,3309,223,188,16,2,524,230,90,94,53.1,2.3,1.3,0.0,22.3,18.8,3.32,3.309
2025-12-29T01:20:49,1767000049,23,13,0,531,24153,14592,0,0,0,0,1052,24,33,30,4,3320,3309,221,186,16,2,524,230,89,94,53.1,2.3,1.3,0.0,22.1,18.6,3.32,3.309
2025-12-29T01:30:50,1767000650,23,12,0,532,24153,14592,0,0,0,0,700,23,33,30,4,3325,3314,218,184,16,2,525,228,89,94,53.2,2.3,1.2,0.0,21.8,18.4,3.325,3.314
2025-12-29T01:40:51,1767001251,22,11,0,532,24152,14592,0,0,0,0,574,23,32,30,4,3322,3316,217,183,16,2,525,226,88,94,53.2,2.2,1.1,0.0,21.7,18.3,3.322,3.316
2025-12-29T01:50:52,1767001852,23,11,0,531,24151,14592,0,0,0,0,1359,23,32,29,4,3317,3306,218,181,16,2,523,225,87,94,53.1,2.3,1.1,0.0,21.8,18.1,3.317,3.306
2025-12-29T02:00:52,1767002452,23,11,0,531,24150,14592,0,0,0,0,1281,23,32,30,4,3317,3306,216,179,16,2,523,226,86,94,53.1,2.3,1.1,0.0,21.6,17.9,3.317,3.306
2025-12-29T02:10:53,1767003053,22,11,0,532,24150,14592,0,0,0,0,720,23,32,30,4,3320,3313,213,177,16,2,525,225,86,94,53.2,2.2,1.1,0.0,21.3,17.7,3.32,3.313
2025-12-29T02:20:54,1767003654,22,11,0,532,24149,14592,0,0,0,0,698,23,32,30,4,3324,3313,212,176,16,2,525,223,85,94,53.2,2.2,1.1,0.0,21.2,17.6,3.324,3.313
2025-12-29T02:30:55,1767004255,22,10,0,532,24148,14592,0,0,0,0,600,23,32,29,4,3325,3314,212,175,16,2,525,221,84,94,53.2,2.2,1.0,0.0,21.2,17.5,3.325,3.314
2025-12-29T02:40:56,1767004856,22,10,0,531,24148,14592,0,0,0,0,1360,23,31,29,4,3312,3305,211,174,16,2,523,221,84,94,53.1,2.2,1.0,0.0,21.1,17.4,3.312,3.305
2025-12-29T02:50:57,1767005457,22,10,0,531,24147,14592,0,0,0,0,695,23,32,30,4,3317,3310,208,171,16,2,524,222,83,94,53.1,2.2,1.0,0.0,20.8,17.1,3.317,3.31
2025-12-29T03:00:58,1767006058,22,11,0,532,24146,14592,0,0,0,0,673,23,32,29,4,3324,3312,207,170,16,2,525,220,82,94,53.2,2.2,1.1,0.0,20.7,17.0,3.324,3.312
2025-12-29T03:10:59,1767006659,22,11,0,532,24145,14592,0,0,0,0,650,22,32,29,4,3320,3313,208,170,16,2,525,217,81,94,53.2,2.2,1.1,0.0,20.8,17.0,3.32,3.313
2025-12-29T03:21:00,1767007260,23,11,0,531,24145,14592,0,0,0,0,1268,22,31,28,4,3312,3305,207,168,16,2,523,217,81,94,53.1,2.3,1.1,0.0,20.7,16.8,3.312,3.305
2025-12-29T03:31:01,1767007861,23,10,0,531,24144,14592,0,0,0,0,627,22,32,29,4,3317,3310,204,166,16,2,524,218,80,94,53.1,2.3,1.0,0.0,20.4,16.6,3.317,3.31
2025-12-29T03:41:02,1767008462,23,10,0,532,24143,14592,0,0,0,0,643,22,31,29,4,3319,3312,203,165,16,2,525,216,79,94,53.2,2.3,1.0,0.0,20.3,16.5,3.319,3.312
2025-12-29T03:51:03,1767009063,23,10,0,532,24143,14592,0,0,0,0,601,22,31,29,4,3319,3312,203,164,16,2,525,214,79,94,53.2,2.3,1.0,0.0,20.3,16.4,3.319,3.312
2025-12-29T04:01:04,1767009664,22,10,0,531,24142,14592,0,0,0,0,1211,22,31,28,4,3312,3305,203,163,16,2,523,212,78,94,53.1,2.2,1.0,0.0,20.3,16.3,3.312,3.305
2025-12-29T04:11:04,1767010264,19,10,0,530,24141,14592,0,0,0,0,1212,22,31,28,4,3310,3303,201,162,16,2,523,214,77,94,53.0,1.9,1.0,0.0,20.1,16.2,3.31,3.303
2025-12-29T04:21:05,1767010865,19,10,0,531,24140,14592,0,0,0,0,600,22,31,29,4,3315,3308,199,160,16,2,524,213,76,94,53.1,1.9,1.0,0.0,19.9,16.0,3.315,3.308
2025-12-29T04:31:06,1767011466,19,10,0,531,24140,14592,0,0,0,0,632,22,31,28,4,3317,3310,199,160,16,2,524,212,76,94,53.1,1.9,1.0,0.0,19.9,16.0,3.317,3.31
2025-12-29T04:41:07,1767012067,18,10,0,532,24139,14592,0,0,0,0,595,22,31,28,4,3317,3309,199,159,16,2,524,210,75,94,53.2,1.8,1.0,0.0,19.9,15.9,3.317,3.309
2025-12-29T04:51:08,1767012668,17,9,0,530,24138,14592,0,0,0,0,1201,21,30,28,4,3306,3298,199,158,16,2,522,211,74,94,53.0,1.7,0.9,0.0,19.9,15.8,3.306,3.298
2025-12-29T05:01:09,1767013269,17,10,0,531,24137,14592,0,0,0,0,572,22,31,29,4,3312,3303,197,157,16,2,524,211,73,94,53.1,1.7,1.0,0.0,19.7,15.7,3.312,3.303
2025-12-29T05:11:10,1767013870,18,10,0,531,24137,14592,0,0,0,0,602,21,31,28,4,3313,3305,195,155,16,2,524,200,73,94,53.1,1.8,1.0,0.0,19.5,15.5,3.313,3.305
2025-12-29T05:21:11,1767014471,19,10,0,531,24136,14592,0,0,0,0,521,20,31,28,4,3313,3305,195,155,16,2,524,199,72,94,53.1,1.9,1.0,0.0,19.5,15.5,3.313,3.305
2025-12-29T05:31:12,1767015072,18,10,0,529,24135,14592,0,0,0,0,1121,21,30,28,4,3304,3291,195,154,16,2,521,199,71,94,52.9,1.8,1.0,0.0,19.5,15.4,3.304,3.291
2025-12-29T05:41:13,1767015673,20,10,0,528,24134,14592,0,0,0,0,1029,21,30,28,4,3294,3286,195,153,16,2,520,200,70,94,52.8,2.0,1.0,0.0,19.5,15.3,3.294,3.286
2025-12-29T05:51:14,1767016274,19,10,0,529,24133,14592,0,0,0,0,482,20,31,28,4,3301,3293,195,153,16,2,522,199,69,94,52.9,1.9,1.0,0.0,19.5,15.3,3.301,3.293
2025-12-29T06:01:15,1767016875,19,9,0,529,24132,14592,0,0,0,0,538,20,30,28,4,3299,3289,193,151,16,2,521,196,68,94,52.9,1.9,0.9,0.0,19.3,15.1,3.299,3.289
2025-12-29T06:11:15,1767017475,18,9,0,526,24132,14592,0,0,0,0,1170,20,30,27,4,3285,3275,191,150,16,2,519,196,68,94,52.6,1.8,0.9,0.0,19.1,15.0,3.285,3.275
2025-12-29T06:21:16,1767018076,19,9,0,525,24131,14592,0,0,0,0,1131,20,30,28,4,3278,3270,191,150,16,2,518,197,67,94,52.5,1.9,0.9,0.0,19.1,15.0,3.278,3.27
2025-12-29T06:31:17,1767018677,18,9,0,527,24130,14592,0,0,0,0,515,20,30,28,4,3285,3276,191,149,16,2,519,196,66,94,52.7,1.8,0.9,0.0,19.1,14.9,3.285,3.276
2025-12-29T06:41:18,1767019278,19,10,0,526,24129,14592,0,0,0,0,531,20,30,28,4,3285,3276,191,148,16,2,519,195,65,94,52.6,1.9,1.0,0.0,19.1,14.8,3.285,3.276
2025-12-29T06:51:19,1767019879,20,12,0,524,24129,14592,0,0,0,0,1351,20,29,26,4,3271,3262,190,147,16,2,517,195,65,94,52.4,2.0,1.2,0.0,19.0,14.7,3.271,3.262
2025-12-29T07:01:20,1767020480,30,25,0,524,24128,14592,0,0,0,0,1310,20,30,27,4,3269,3259,189,146,16,2,517,195,64,94,52.4,3.0,2.5,0.0,18.9,14.6,3.269,3.259
2025-12-29T07:11:21,1767021081,119,141,0,525,24127,14592,0,0,0,0,726,20,30,28,4,3275,3267,189,145,16,2,518,197,63,94,52.5,11.9,14.1,0.0,18.9,14.5,3.275,3.267
2025-12-29T07:21:22,1767021682,318,383,0,525,24126,14592,0,0,0,0,750,20,30,28,4,3280,3266,188,143,16,2,518,195,62,94,52.5,31.8,38.3,0.0,18.8,14.3,3.28,3.266
2025-12-29T07:31:23,1767022283,1016,1134,0,525,24126,14592,0,0,0,0,687,20,30,28,4,3275,3268,187,143,16,2,518,195,62,94,52.5,101.6,113.4,0.0,18.7,14.3,3.275,3.268
2025-12-29T07:41:24,1767022884,974,1392,0,523,24125,15104,15,15,0,0,1310,20,30,27,4,3270,3257,186,141,16,2,516,195,61,94,52.3,97.4,139.2,0.0,18.6,14.1,3.27,3.257
2025-12-29T07:51:25,1767023485,1398,1422,0,523,24123,15104,0,0,0,0,1330,21,30,28,4,3269,3255,186,140,16,2,516,196,59,94,52.3,139.8,142.2,0.0,18.6,14.0,3.269,3.255
2025-12-29T08:01:26,1767024086,1473,1448,6,525,24123,15104,17,17,0,0,685,20,30,28,4,3273,3265,185,139,16,2,518,195,59,94,52.5,147.3,144.8,0.6,18.5,13.9,3.273,3.265
2025-12-29T08:11:27,1767024687,1333,1790,18,525,24122,15104,0,0,0,0,688,20,30,28,4,3278,3265,184,139,16,2,518,194,58,94,52.5,133.3,179.0,1.8,18.4,13.9,3.278,3.265
2025-12-29T08:21:27,1767025287,1705,2207,11,523,24121,15104,23,25,0,0,1414,20,30,27,4,3267,3254,184,137,16,2,516,195,57,94,52.3,170.5,220.7,1.1,18.4,13.7,3.267,3.254
2025-12-29T08:31:28,1767025888,3062,3630,2,524,24120,15104,42,71,0,0,674,20,30,29,4,3270,3262,182,136,16,2,517,197,56,94,52.4,306.2,363.0,0.2,18.2,13.6,3.27,3.262
2025-12-29T08:41:29,1767026489,1902,3644,2,525,24120,15104,75,132,0,0,553,20,30,28,4,3275,3267,182,136,16,2,518,195,56,94,52.5,190.2,364.4,0.2,18.2,13.6,3.275,3.267
2025-12-29T08:51:30,1767027090,2196,3776,0,524,24119,15104,55,78,0,0,1184,20,30,27,4,3272,3259,181,135,16,2,516,194,55,94,52.4,219.6,377.6,0.0,18.1,13.5,3.272,3.259
2025-12-29T09:01:31,1767027691,2640,3662,3,523,24118,15104,63,88,0,0,1173,20,30,28,4,3269,3255,180,134,16,2,516,195,54,94,52.3,264.0,366.2,0.3,18.0,13.4,3.269,3.255
2025-12-29T09:11:32,1767028292,2656,3645,13,525,24118,15104,83,117,0,0,492,20,30,28,4,3278,3265,179,133,16,2,517,195,54,94,52.5,265.6,364.5,1.3,17.9,13.3,3.278,3.265
2025-12-29T09:21:33,1767028893,3050,3696,11,525,24117,15104,106,156,0,0,380,20,30,28,4,3277,3269,179,132,16,2,518,194,53,94,52.5,305.0,369.6,1.1,17.9,13.2,3.277,3.269
2025-12-29T09:31:34,1767029494,3278,3742,1,526,24117,15104,271,400,0,0,180,20,28,25,4,3282,3274,178,132,16,2,519,192,53,94,52.6,327.8,374.2,0.1,17.8,13.2,3.282,3.274
2025-12-29T09:41:35,1767030095,3212,3488,16,525,24117,15104,218,384,0,0,649,20,30,28,4,3278,3265,178,131,16,2,518,192,53,94,52.5,321.2,348.8,1.6,17.8,13.1,3.278,3.265
2025-12-29T09:51:36,1767030696,3143,3709,5,526,24116,15104,224,279,0,0,172,20,28,27,4,3278,3271,177,130,16,2,519,194,52,94,52.6,314.3,370.9,0.5,17.7,13.0,3.278,3.271
2025-12-29T10:01:37,1767031297,3411,3919,0,528,24116,15616,431,559,0,394,0,20,28,25,4,3293,3286,177,130,16,2,521,190,52,94,52.8,341.1,391.9,0.0,17.7,13.0,3.293,3.286
2025-12-29T10:11:38,1767031898,3366,3764,0,527,24116,15104,261,296,0,0,120,19,30,28,4,3293,3281,177,130,16,2,520,188,52,94,52.7,336.6,376.4,0.0,17.7,13.0,3.293,3.281
2025-12-29T10:21:38,1767032498,3390,3589,16,524,24116,15104,149,140,0,0,951,20,29,27,4,3269,3260,176,129,16,2,517,191,52,94,52.4,339.0,358.9,1.6,17.6,12.9,3.269,3.26
2025-12-29T10:31:39,1767033099,3621,3823,7,525,24115,15104,361,385,0,0,467,20,30,28,4,3278,3266,176,128,16,2,518,193,51,94,52.5,362.1,382.3,0.7,17.6,12.8,3.278,3.266
2025-12-29T10:41:40,1767033700,3381,3998,5,531,24115,15616,690,1883,0,1948,0,20,28,26,4,3315,3306,176,129,16,2,525,194,51,94,53.1,338.1,399.8,0.5,17.6,12.9,3.315,3.306
2025-12-29T10:51:41,1767034301,2892,3837,0,530,24116,15616,308,434,0,204,0,21,28,26,4,3306,3298,177,129,16,2,523,194,52,94,53.0,289.2,383.7,0.0,17.7,12.9,3.306,3.298
2025-12-29T11:01:42,1767034902,2976,4060,0,526,24116,15104,329,428,0,0,1517,20,30,28,4,3287,3274,177,129,16,2,519,195,52,94,52.6,297.6,406.0,0.0,17.7,12.9,3.287,3.274
2025-12-29T11:11:43,1767035503,3528,3727,0,526,24116,15104,432,446,0,0,500,21,30,29,4,3283,3271,177,129,16,2,518,199,52,94,52.6,352.8,372.7,0.0,17.7,12.9,3.283,3.271
2025-12-29T11:21:44,1767036104,3643,3836,0,528,24116,15616,454,513,0,245,0,20,28,27,4,3291,3284,177,129,16,2,520,198,52,94,52.8,364.3,383.6,0.0,17.7,12.9,3.291,3.284
2025-12-29T11:31:45,1767036705,3596,3753,0,527,24116,15104,298,348,0,0,148,21,29,27,4,3288,3280,177,129,16,2,520,197,52,94,52.7,359.6,375.3,0.0,17.7,12.9,3.288,3.28
2025-12-29T11:41:46,1767037306,3600,3847,0,527,24116,15616,392,422,0,112,0,20,28,26,4,3290,3282,177,129,16,2,520,197,52,94,52.7,360.0,384.7,0.0,17.7,12.9,3.29,3.282
2025-12-29T11:51:47,1767037907,3758,3909,8,530,24116,15616,1236,1140,0,1532,0,21,29,26,4,3308,3300,177,129,16,2,524,198,52,94,53.0,375.8,390.9,0.8,17.7,12.9,3.308,3.3
2025-12-29T12:01:48,1767038508,3512,3986,2,531,24117,15616,492,558,0,293,0,22,29,27,4,3310,3304,178,130,16,2,524,201,53,94,53.1,351.2,398.6,0.2,17.8,13.0,3.31,3.304
2025-12-29T12:11:49,1767039109,3538,4031,0,526,24116,15104,603,615,0,0,213,22,31,31,4,3287,3274,178,130,16,2,519,214,52,94,52.6,353.8,403.1,0.0,17.8,13.0,3.287,3.274
2025-12-29T12:21:50,1767039710,3580,4042,0,528,24116,15616,457,515,0,236,0,22,30,29,4,3293,3285,178,130,16,2,521,217,52,94,52.8,358.0,404.2,0.0,17.8,13.0,3.293,3.285
2025-12-29T12:31:50,1767040310,3402,3941,0,527,24116,15104,253,298,0,0,250,22,31,30,4,3290,3278,178,130,16,2,520,217,52,94,52.7,340.2,394.1,0.0,17.8,13.0,3.29,3.278
2025-12-29T12:41:51,1767040911,3857,3884,0,526,24116,15104,301,313,0,0,127,22,30,29,4,3283,3275,178,130,16,2,519,218,52,94,52.6,385.7,388.4,0.0,17.8,13.0,3.283,3.275
2025-12-29T12:51:52,1767041512,3888,4005,0,526,24116,15104,337,346,0,0,140,22,30,28,4,3288,3277,176,129,16,2,519,218,52,94,52.6,388.8,400.5,0.0,17.6,12.9,3.288,3.277
2025-12-29T13:01:53,1767042113,3968,4059,2,527,24116,15104,407,389,0,0,48,22,30,28,4,3291,3279,175,129,16,2,520,218,52,94,52.7,396.8,405.9,0.2,17.5,12.9,3.291,3.279
2025-12-29T13:11:54,1767042714,4013,4052,4,529,24116,15616,526,509,0,205,0,22,30,28,4,3301,3290,175,129,16,2,522,217,52,94,52.9,401.3,405.2,0.4,17.5,12.9,3.301,3.29
2025-12-29T13:21:55,1767043315,3915,4005,1,527,24116,15104,324,337,0,0,185,22,30,29,4,3290,3278,176,130,16,2,519,218,52,94,52.7,391.5,400.5,0.1,17.6,13.0,3.29,3.278
2025-12-29T13:31:56,1767043916,3898,3996,7,524,24115,15104,274,276,0,0,893,23,31,30,4,3270,3258,177,129,16,2,516,223,51,94,52.4,389.8,399.6,0.7,17.7,12.9,3.27,3.258
2025-12-29T13:41:57,1767044517,3907,3868,12,523,24114,15104,301,294,0,0,1299,23,31,30,4,3267,3256,177,129,16,2,516,227,50,94,52.3,390.7,386.8,1.2,17.7,12.9,3.267,3.256
2025-12-29T13:51:58,1767045118,3915,3994,0,524,24114,15104,277,270,0,0,409,24,32,32,4,3275,3263,177,129,16,2,517,231,50,94,52.4,391.5,399.4,0.0,17.7,12.9,3.275,3.263
2025-12-29T14:01:59,1767045719,4077,3715,5,525,24113,15104,307,289,0,0,275,24,32,31,4,3280,3269,175,129,16,2,518,231,49,94,52.5,407.7,371.5,0.5,17.5,12.9,3.28,3.269
2025-12-29T14:12:00,1767046320,4022,3770,5,525,24113,15104,247,246,0,0,307,24,32,31,4,3278,3266,173,129,16,2,518,231,49,94,52.5,402.2,377.0,0.5,17.3,12.9,3.278,3.266
2025-12-29T14:22:01,1767046921,3809,3949,0,525,24113,15104,207,214,0,0,401,24,32,31,4,3278,3266,173,129,16,2,517,230,49,94,52.5,380.9,394.9,0.0,17.3,12.9,3.278,3.266
2025-12-29T14:32:01,1767047521,4011,3683,5,525,24112,15104,224,211,0,0,323,23,32,31,4,3277,3266,174,129,16,2,517,232,48,94,52.5,401.1,368.3,0.5,17.4,12.9,3.277,3.266
2025-12-29T14:42:02,1767048122,3912,4003,4,524,24112,15104,213,223,0,0,1363,23,32,30,4,3270,3258,175,129,16,2,516,232,48,94,52.4,391.2,400.3,0.4,17.5,12.9,3.27,3.258
2025-12-29T14:52:03,1767048723,3829,3886,3,522,24111,15104,164,152,0,0,1158,24,32,31,4,3262,3249,175,130,16,2,515,234,47,94,52.2,382.9,388.6,0.3,17.5,13.0,3.262,3.249
2025-12-29T15:02:04,1767049324,3950,3934,13,522,24110,15104,148,132,0,0,1274,24,32,32,4,3259,3247,175,129,16,2,514,239,46,94,52.2,395.0,393.4,1.3,17.5,12.9,3.259,3.247
2025-12-29T15:12:05,1767049925,3870,3899,4,523,24109,15104,151,150,0,0,1149,24,32,32,4,3266,3253,175,130,16,2,515,241,45,94,52.3,387.0,389.9,0.4,17.5,13.0,3.266,3.253
2025-12-29T15:22:06,1767050526,3828,3751,8,523,24109,15104,92,88,0,0,696,24,33,32,4,3269,3256,173,129,16,2,516,241,45,94,52.3,382.8,375.1,0.8,17.3,12.9,3.269,3.256
2025-12-29T15:32:07,1767051127,3832,3814,0,523,24108,15104,74,75,0,0,1026,24,33,32,4,3264,3251,172,129,16,2,515,241,44,94,52.3,383.2,381.4,0.0,17.2,12.9,3.264,3.251
2025-12-29T15:42:08,1767051728,4004,3655,5,520,24107,15104,70,46,0,0,2107,26,33,32,4,3246,3233,172,129,16,2,512,246,43,94,52.0,400.4,365.5,0.5,17.2,12.9,3.246,3.233
2025-12-29T15:52:09,1767052329,3801,3836,0,523,24105,15104,72,56,0,0,1096,26,33,33,4,3264,3251,173,129,16,2,515,249,41,94,52.3,380.1,383.6,0.0,17.3,12.9,3.264,3.251
2025-12-29T16:02:10,1767052930,3849,3936,0,523,24105,15104,58,48,0,0,817,25,33,33,4,3266,3253,173,129,16,2,516,248,41,94,52.3,384.9,393.6,0.0,17.3,12.9,3.266,3.253
2025-12-29T16:12:11,1767053531,3873,3983,0,522,24104,15104,47,45,0,0,963,25,34,33,4,3262,3250,173,129,16,2,515,248,40,94,52.2,387.3,398.3,0.0,17.3,12.9,3.262,3.25
2025-12-29T16:22:12,1767054132,3697,3711,0,521,24103,15104,43,42,0,0,1197,25,33,32,4,3259,3246,173,129,16,2,514,246,39,94,52.1,369.7,371.1,0.0,17.3,12.9,3.259,3.246
2025-12-29T16:32:13,1767054733,3569,3561,0,523,24102,15104,41,41,0,0,792,25,33,32,4,3264,3251,173,130,16,2,515,245,38,94,52.3,356.9,356.1,0.0,17.3,13.0,3.264,3.251
2025-12-29T16:42:13,1767055333,3131,3120,0,521,24101,15104,36,35,0,0,1501,25,33,31,4,3254,3240,174,130,16,2,513,244,37,94,52.1,313.1,312.0,0.0,17.4,13.0,3.254,3.24
2025-12-29T16:52:14,1767055934,990,1130,0,520,24099,14592,0,0,0,0,1557,25,33,32,4,3246,3232,174,131,16,2,512,246,35,94,52.0,99.0,113.0,0.0,17.4,13.1,3.246,3.232
2025-12-29T17:02:15,1767056535,784,805,0,519,24098,14592,0,0,0,0,1460,25,33,32,4,3243,3230,175,132,16,2,512,248,34,94,51.9,78.4,80.5,0.0,17.5,13.2,3.243,3.23
2025-12-29T17:12:16,1767057136,275,282,0,520,24097,14592,0,0,0,0,930,25,33,33,4,3249,3233,176,132,16,2,513,248,33,94,52.0,27.5,28.2,0.0,17.6,13.2,3.249,3.233
2025-12-29T17:22:17,1767057737,101,104,0,519,24095,14592,0,0,0,0,1143,25,33,32,4,3240,3231,176,133,16,2,512,246,31,94,51.9,10.1,10.4,0.0,17.6,13.3,3.24,3.231
2025-12-29T17:32:18,1767058338,51,53,0,533,24096,14592,0,0,0,0,1249,26,34,33,4,3325,3313,179,136,16,2,527,254,32,94,53.3,5.1,5.3,0.0,17.9,13.6,3.325,3.313
2025-12-29T17:42:19,1767058939,40,41,0,536,24099,14592,0,0,0,0,1113,26,34,33,4,3347,3336,182,139,16,2,530,253,35,94,53.6,4.0,4.1,0.0,18.2,13.9,3.347,3.336
2025-12-29T17:52:20,1767059540,40,41,0,536,24102,14592,0,0,0,0,1784,26,34,32,4,3345,3336,186,142,16,2,530,255,38,94,53.6,4.0,4.1,0.0,18.6,14.2,3.345,3.336
2025-12-29T18:02:21,1767060141,66,68,0,536,24104,14592,0,0,0,0,1716,27,34,33,4,3347,3337,189,147,16,2,530,263,40,94,53.6,6.6,6.8,0.0,18.9,14.7,3.347,3.337
2025-12-29T18:12:22,1767060742,52,53,0,537,24107,14592,0,0,0,0,1066,27,35,34,4,3354,3342,191,150,16,2,531,265,43,94,53.7,5.2,5.3,0.0,19.1,15.0,3.354,3.342
2025-12-29T18:22:23,1767061343,48,48,0,537,24110,14592,0,0,0,0,1105,27,35,33,4,3354,3342,195,155,16,2,531,266,46,94,53.7,4.8,4.8,0.0,19.5,15.5,3.354,3.342
2025-12-29T18:32:24,1767061944,59,60,0,536,24113,14592,0,0,0,0,1934,28,35,33,4,3348,3336,199,160,16,2,530,269,49,94,53.6,5.9,6.0,0.0,19.9,16.0,3.348,3.336
2025-12-29T18:42:25,1767062545,44,43,0,536,24115,14592,0,0,0,0,1770,28,35,34,4,3351,3338,204,164,16,2,530,274,51,94,53.6,4.4,4.3,0.0,20.4,16.4,3.351,3.338
2025-12-29T18:52:25,1767063145,36,34,0,536,24117,14592,0,0,0,0,2248,29,35,34,4,3348,3335,207,168,16,2,529,278,53,94,53.6,3.6,3.4,0.0,20.7,16.8,3.348,3.335
2025-12-29T19:02:26,1767063746,35,33,0,536,24120,14592,0,0,0,0,2301,29,36,36,4,3349,3334,208,170,16,2,529,287,56,94,53.6,3.5,3.3,0.0,20.8,17.0,3.349,3.334
2025-12-29T19:12:27,1767064347,35,32,0,537,24122,14592,0,0,0,0,1680,31,37,37,4,3354,3341,209,173,16,2,531,295,58,94,53.7,3.5,3.2,0.0,20.9,17.3,3.354,3.341
2025-12-29T19:22:28,1767064948,36,33,0,538,24124,14592,0,0,0,0,1920,30,37,37,4,3357,3343,214,177,16,2,531,297,60,94,53.8,3.6,3.3,0.0,21.4,17.7,3.357,3.343
2025-12-29T19:32:29,1767065549,36,33,0,533,24126,14592,0,0,0,0,5255,32,39,39,4,3329,3317,217,180,16,2,525,305,62,94,53.3,3.6,3.3,0.0,21.7,18.0,3.329,3.317
2025-12-29T19:42:30,1767066150,57,56,0,531,24126,14592,0,0,0,0,5270,33,42,42,4,3322,3311,215,179,16,2,524,308,62,94,53.1,5.7,5.6,0.0,21.5,17.9,3.322,3.311
2025-12-29T19:52:31,1767066751,70,69,0,538,24128,14592,0,0,0,0,1864,34,42,43,4,3361,3344,216,181,16,2,532,330,64,94,53.8,7.0,6.9,0.0,21.6,18.1,3.361,3.344
2025-12-29T20:02:32,1767067352,61,59,0,535,24130,14592,0,0,0,0,5986,35,43,43,4,3344,3329,218,184,16,2,527,338,66,94,53.5,6.1,5.9,0.0,21.8,18.4,3.344,3.329
2025-12-29T20:12:33,1767067953,68,67,0,535,24131,14592,0,0,0,0,5650,31,43,40,4,3344,3331,220,185,16,2,528,295,67,94,53.5,6.8,6.7,0.0,22.0,18.5,3.344,3.331
2025-12-29T20:22:34,1767068554,58,56,0,538,24132,14592,0,0,0,0,2813,34,41,43,4,3360,3344,219,185,16,2,532,323,68,94,53.8,5.8,5.6,0.0,21.9,18.5,3.36,3.344
2025-12-29T20:32:35,1767069155,88,88,0,536,24133,14592,0,0,0,0,5357,37,42,42,4,3348,3339,218,185,16,2,528,349,69,94,53.6,8.8,8.8,0.0,21.8,18.5,3.348,3.339
2025-12-29T20:42:36,1767069756,76,75,0,540,24134,14592,0,0,0,0,2226,38,42,43,4,3370,3361,219,185,16,2,533,365,70,94,54.0,7.6,7.5,0.0,21.9,18.5,3.37,3.361
2025-12-29T20:52:36,1767070356,77,77,0,540,24136,14592,0,0,0,0,2583,38,42,43,4,3375,3365,221,186,16,2,534,370,72,94,54.0,7.7,7.7,0.0,22.1,18.6,3.375,3.365
2025-12-29T21:02:37,1767070957,77,76,0,540,24138,14592,0,0,0,0,2734,38,42,43,4,3369,3361,219,186,16,2,533,364,74,94,54.0,7.7,7.6,0.0,21.9,18.6,3.369,3.361
2025-12-29T21:12:38,1767071558,76,75,0,541,24140,14592,0,0,0,0,1828,37,41,42,4,3383,3370,218,186,16,2,535,358,76,94,54.1,7.6,7.5,0.0,21.8,18.6,3.383,3.37
2025-12-29T21:22:39,1767072159,69,68,0,541,24142,14592,0,0,0,0,2206,36,40,40,4,3380,3367,219,187,16,2,534,349,78,94,54.1,6.9,6.8,0.0,21.9,18.7,3.38,3.367
2025-12-29T21:32:40,1767072760,72,70,0,541,24144,14592,0,0,0,0,1912,35,40,43,4,3382,3369,221,188,16,2,535,345,80,94,54.1,7.2,7.0,0.0,22.1,18.8,3.382,3.369
2025-12-29T21:42:41,1767073361,71,69,0,542,24147,14592,0,0,0,0,1582,35,43,42,4,3385,3377,222,189,16,2,536,338,83,94,54.2,7.1,6.9,0.0,22.2,18.9,3.385,3.377
2025-12-29T21:52:42,1767073962,70,67,0,543,24149,14592,0,0,0,0,1427,34,42,41,4,3388,3380,221,190,16,2,536,331,85,94,54.3,7.0,6.7,0.0,22.1,19.0,3.388,3.38
2025-12-29T22:02:43,1767074563,68,66,0,543,24152,14592,0,0,0,0,1486,33,42,40,4,3392,3380,222,191,16,2,537,325,88,94,54.3,6.8,6.6,0.0,22.2,19.1,3.392,3.38
2025-12-29T22:12:44,1767075164,67,64,0,544,24155,14592,0,0,0,0,1455,33,41,40,4,3395,3383,225,194,16,2,538,321,91,94,54.4,6.7,6.4,0.0,22.5,19.4,3.395,3.383
2025-12-29T22:22:45,1767075765,68,65,0,544,24157,14592,0,0,0,0,1615,32,41,39,4,3400,3389,226,195,16,2,539,317,93,94,54.4,6.8,6.5,0.0,22.6,19.5,3.4,3.389
2025-12-29T22:32:46,1767076366,68,63,0,545,24160,14592,0,0,0,0,2187,33,41,39,4,3404,3393,226,196,16,2,539,317,96,94,54.5,6.8,6.3,0.0,22.6,19.6,3.404,3.393
2025-12-29T22:42:47,1767076967,66,61,0,551,24163,14592,0,0,0,0,2123,33,41,40,4,3442,3423,227,199,16,2,545,320,99,94,55.1,6.6,6.1,0.0,22.7,19.9,3.442,3.423
2025-12-29T22:52:48,1767077568,64,60,0,532,24163,14592,0,0,0,0,1271,32,41,40,4,3325,3315,229,200,16,2,524,315,99,94,53.2,6.4,6.0,0.0,22.9,20.0,3.325,3.315
2025-12-29T23:02:48,1767078168,62,57,0,531,24161,14592,0,0,0,0,1470,31,40,39,4,3316,3307,228,199,16,2,523,308,97,94,53.1,6.2,5.7,0.0,22.8,19.9,3.316,3.307
2025-12-29T23:12:49,1767078769,56,52,0,530,24160,14592,0,0,0,0,1578,31,39,38,4,3316,3306,226,197,16,2,523,300,96,94,53.0,5.6,5.2,0.0,22.6,19.7,3.316,3.306
2025-12-29T23:22:50,1767079370,53,52,0,530,24158,14592,0,0,0,0,1482,31,40,40,4,3316,3305,225,196,16,2,523,302,94,94,53.0,5.3,5.2,0.0,22.5,19.6,3.316,3.305
2025-12-29T23:32:51,1767079971,51,49,0,530,24156,14592,0,0,0,0,2349,31,39,39,4,3309,3300,226,196,16,2,522,302,92,94,53.0,5.1,4.9,0.0,22.6,19.6,3.309,3.3
2025-12-29T23:42:52,1767080572,52,50,0,530,24154,14592,0,0,0,0,2111,31,39,39,4,3312,3302,225,195,16,2,522,300,90,94,53.0,5.2,5.0,0.0,22.5,19.5,3.312,3.302
2025-12-29T23:52:53,1767081173,47,44,0,531,24153,14592,0,0,0,0,1693,30,39,38,4,3316,3306,223,193,16,2,523,293,89,94,53.1,4.7,4.4,0.0,22.3,19.3,3.316,3.306
2025-12-30T00:02:54,1767081774,45,41,0,531,24152,14592,0,0,0,0,1288,30,38,37,4,3320,3309,221,192,16,2,524,285,88,94,53.1,4.5,4.1,0.0,22.1,19.2,3.32,3.309
2025-12-30T00:12:55,1767082375,42,38,0,531,24150,14592,0,0,0,0,1614,29,37,36,4,3317,3307,222,191,16,2,523,279,86,94,53.1,4.2,3.8,0.0,22.2,19.1,3.317,3.307
2025-12-30T00:22:56,1767082976,39,35,0,530,24149,14592,0,0,0,0,2049,28,37,36,4,3311,3304,221,190,16,2,522,273,85,94,53.0,3.9,3.5,0.0,22.1,19.0,3.311,3.304
2025-12-30T00:32:57,1767083577,36,32,0,530,24147,14592,0,0,0,0,2299,28,37,36,4,3311,3298,219,188,16,2,522,273,83,94,53.0,3.6,3.2,0.0,21.9,18.8,3.311,3.298
2025-12-30T00:42:58,1767084178,34,30,0,531,24146,14592,0,0,0,0,1599,28,37,36,4,3317,3306,218,187,16,2,523,272,82,94,53.1,3.4,3.0,0.0,21.8,18.7,3.317,3.306
2025-12-30T00:52:59,1767084779,31,27,0,530,24144,14592,0,0,0,0,1751,28,36,36,4,3309,3301,218,186,16,2,522,268,80,94,53.0,3.1,2.7,0.0,21.8,18.6,3.309,3.301
2025-12-30T01:03:00,1767085380,19,15,0,531,24143,14592,0,0,0,0,1410,27,36,35,4,3317,3306,218,185,16,2,523,263,79,94,53.1,1.9,1.5,0.0,21.8,18.5,3.317,3.306
2025-12-30T01:13:00,1767085980,20,18,0,530,24142,14592,0,0,0,0,1766,27,35,34,4,3314,3302,215,183,16,2,522,259,78,94,53.0,2.0,1.8,0.0,21.5,18.3,3.314,3.302
2025-12-30T01:23:01,1767086581,21,19,0,529,24140,14592,0,0,0,0,2199,27,35,35,4,3306,3295,214,182,16,2,521,261,76,94,52.9,2.1,1.9,0.0,21.4,18.2,3.306,3.295
2025-12-30T01:33:02,1767087182,22,20,0,530,24138,14592,0,0,0,0,1478,27,35,35,4,3312,3300,215,181,16,2,522,261,74,94,53.0,2.2,2.0,0.0,21.5,18.1,3.312,3.3
2025-12-30T01:43:03,1767087783,21,19,0,530,24137,14592,0,0,0,0,1521,26,35,35,4,3309,3298,215,180,16,2,522,256,73,94,53.0,2.1,1.9,0.0,21.5,18.0,3.309,3.298
2025-12-30T01:53:04,1767088384,18,15,0,529,24135,14592,0,0,0,0,1350,26,35,34,4,3306,3298,212,178,16,2,522,250,71,94,52.9,1.8,1.5,0.0,21.2,17.8,3.306,3.298
2025-12-30T02:03:05,1767088985,14,12,0,528,24134,14592,0,0,0,0,1607,25,34,33,4,3301,3288,211,177,16,2,521,247,70,94,52.8,1.4,1.2,0.0,21.1,17.7,3.301,3.288
2025-12-30T02:13:06,1767089586,13,12,0,526,24132,14592,0,0,0,0,2082,25,34,33,4,3282,3273,211,177,16,2,518,245,68,94,52.6,1.3,1.2,0.0,21.1,17.7,3.282,3.273
2025-12-30T02:23:07,1767090187,12,12,0,525,24130,14592,0,0,0,0,1966,26,34,33,4,3275,3267,212,176,16,2,517,248,66,94,52.5,1.2,1.2,0.0,21.2,17.6,3.275,3.267
2025-12-30T02:33:08,1767090788,13,12,0,525,24129,14592,0,0,0,0,1432,26,34,34,4,3276,3268,209,174,16,2,517,247,65,94,52.5,1.3,1.2,0.0,20.9,17.4,3.276,3.268
2025-12-30T02:43:09,1767091389,12,12,0,525,24128,14592,0,0,0,0,1550,25,34,33,4,3277,3265,207,172,16,2,517,243,64,94,52.5,1.2,1.2,0.0,20.7,17.2,3.277,3.265
2025-12-30T02:53:10,1767091990,12,12,0,525,24126,14592,0,0,0,0,1405,25,33,32,4,3278,3265,206,170,16,2,517,240,62,94,52.5,1.2,1.2,0.0,20.6,17.0,3.278,3.265
2025-12-30T03:03:11,1767092591,11,12,0,523,24125,14592,0,0,0,0,2195,24,33,32,4,3264,3256,206,169,16,2,515,238,61,94,52.3,1.1,1.2,0.0,20.6,16.9,3.264,3.256
2025-12-30T03:13:11,1767093191,8,7,0,523,24123,14592,0,0,0,0,2102,25,33,32,4,3267,3254,204,167,16,2,515,241,59,94,52.3,0.8,0.7,0.0,20.4,16.7,3.267,3.254
2025-12-30T03:23:12,1767093792,7,6,0,524,24122,14592,0,0,0,0,1453,25,33,33,4,3269,3261,200,164,16,2,516,240,58,94,52.4,0.7,0.6,0.0,20.0,16.4,3.269,3.261
2025-12-30T03:33:13,1767094393,6,6,0,524,24121,14592,0,0,0,0,1414,25,33,32,4,3272,3260,199,162,16,2,516,236,57,94,52.4,0.6,0.6,0.0,19.9,16.2,3.272,3.26
2025-12-30T03:43:14,1767094994,6,5,0,524,24119,14592,0,0,0,0,1314,24,33,32,4,3269,3261,198,161,16,2,517,233,55,94,52.4,0.6,0.5,0.0,19.8,16.1,3.269,3.261
2025-12-30T03:53:15,1767095595,7,6,0,523,24118,14592,0,0,0,0,2093,24,32,31,4,3264,3252,198,160,16,2,515,232,54,94,52.3,0.7,0.6,0.0,19.8,16.0,3.264,3.252
2025-12-30T04:03:16,1767096196,6,5,0,523,24117,14592,0,0,0,0,1779,24,33,32,4,3264,3252,197,158,16,2,515,234,53,94,52.3,0.6,0.5,0.0,19.7,15.8,3.264,3.252
2025-12-30T04:13:17,1767096797,6,5,0,523,24115,14592,0,0,0,0,1405,24,33,32,4,3269,3256,193,155,16,2,516,235,51,94,52.3,0.6,0.5,0.0,19.3,15.5,3.269,3.256
2025-12-30T04:23:18,1767097398,6,6,0,523,24114,14592,0,0,0,0,1456,24,32,32,4,3267,3255,191,153,16,2,516,232,50,94,52.3,0.6,0.6,0.0,19.1,15.3,3.267,3.255
2025-12-30T04:33:19,1767097999,7,6,0,523,24113,14592,0,0,0,0,1388,24,32,31,4,3264,3256,191,152,16,2,516,229,49,94,52.3,0.7,0.6,0.0,19.1,15.2,3.264,3.256
2025-12-30T04:43:20,1767098600,6,5,0,523,24111,14592,0,0,0,0,1341,23,32,31,4,3264,3256,190,151,16,2,516,227,47,94,52.3,0.6,0.5,0.0,19.0,15.1,3.264,3.256
2025-12-30T04:53:21,1767099201,6,5,0,521,24110,14592,0,0,0,0,3031,24,32,30,4,3251,3238,189,150,16,2,512,228,46,94,52.1,0.6,0.5,0.0,18.9,15.0,3.251,3.238
2025-12-30T05:03:22,1767099802,6,5,0,521,24108,14592,0,0,0,0,1883,24,32,31,4,3258,3244,189,148,16,2,514,231,44,94,52.1,0.6,0.5,0.0,18.9,14.8,3.258,3.244
2025-12-30T05:13:23,1767100403,6,5,0,523,24107,14592,0,0,0,0,1389,23,32,31,4,3264,3251,188,147,16,2,515,228,43,94,52.3,0.6,0.5,0.0,18.8,14.7,3.264,3.251
2025-12-30T05:23:23,1767101003,6,5,0,523,24106,14592,0,0,0,0,1371,23,32,31,4,3260,3250,187,146,16,2,515,226,42,94,52.3,0.6,0.5,0.0,18.7,14.6,3.26,3.25
2025-12-30T05:33:24,1767101604,6,5,0,522,24105,14592,0,0,0,0,1276,23,32,30,4,3260,3250,187,145,16,2,515,223,41,94,52.2,0.6,0.5,0.0,18.7,14.5,3.26,3.25
2025-12-30T05:43:25,1767102205,6,5,0,520,24103,14592,0,0,0,0,2000,23,31,30,4,3249,3235,186,144,16,2,513,224,39,94,52.0,0.6,0.5,0.0,18.6,14.4,3.249,3.235
2025-12-30T05:53:26,1767102806,6,5,0,520,24101,14592,0,0,0,0,2035,23,31,31,4,3246,3230,186,143,16,2,512,227,37,94,52.0,0.6,0.5,0.0,18.6,14.3,3.246,3.23
2025-12-30T06:03:27,1767103407,6,5,0,521,24100,14592,0,0,0,0,1282,23,32,31,4,3254,3239,185,143,16,2,513,226,36,94,52.1,0.6,0.5,0.0,18.5,14.3,3.254,3.239
2025-12-30T06:13:28,1767104008,6,5,0,521,24099,14592,0,0,0,0,1313,23,31,30,4,3249,3237,185,142,16,2,513,223,35,94,52.1,0.6,0.5,0.0,18.5,14.2,3.249,3.237
2025-12-30T06:23:29,1767104609,6,5,0,520,24098,14592,0,0,0,0,1325,23,31,30,4,3245,3233,185,142,16,2,512,220,34,94,52.0,0.6,0.5,0.0,18.5,14.2,3.245,3.233
2025-12-30T06:33:30,1767105210,6,5,0,518,24096,14592,0,0,0,0,1940,23,31,30,4,3232,3219,185,142,16,2,510,221,32,94,51.8,0.6,0.5,0.0,18.5,14.2,3.232,3.219
2025-12-30T06:43:31,1767105811,7,6,0,517,24094,14592,0,0,0,0,2058,23,31,30,4,3228,3212,186,142,16,2,509,225,30,94,51.7,0.7,0.6,0.0,18.6,14.2,3.228,3.212
2025-12-30T06:53:32,1767106412,12,11,0,518,24093,14592,0,0,0,0,1385,23,31,31,4,3229,3219,186,143,16,2,510,224,29,94,51.8,1.2,1.1,0.0,18.6,14.3,3.229,3.219
2025-12-30T07:03:33,1767107013,35,42,0,517,24091,14592,0,0,0,0,1427,23,31,31,4,3224,3213,187,143,16,2,509,223,27,94,51.7,3.5,4.2,0.0,18.7,14.3,3.224,3.213
2025-12-30T07:13:34,1767107614,143,225,0,516,24090,14592,0,0,0,0,1477,23,31,30,4,3223,3212,188,144,16,2,509,220,26,94,51.6,14.3,22.5,0.0,18.8,14.4,3.223,3.212
2025-12-30T07:23:34,1767108214,674,900,0,514,24088,14592,0,0,0,0,2175,23,31,30,4,3211,3200,189,145,16,2,507,220,24,94,51.4,67.4,90.0,0.0,18.9,14.5,3.211,3.2
2025-12-30T07:33:35,1767108815,1223,1181,0,527,24088,14592,0,0,0,0,2118,23,31,30,4,3288,3276,191,147,16,2,521,223,24,94,52.7,122.3,118.1,0.0,19.1,14.7,3.288,3.276
2025-12-30T07:43:36,1767109416,1233,1225,0,532,24090,14592,0,0,0,0,1627,24,31,31,4,3321,3307,191,147,16,2,526,228,26,94,53.2,123.3,122.5,0.0,19.1,14.7,3.321,3.307
2025-12-30T07:53:37,1767110017,1165,1149,6,535,24093,14592,0,0,0,0,1524,24,32,31,4,3337,3322,192,148,16,2,528,231,29,94,53.5,116.5,114.9,0.6,19.2,14.8,3.337,3.322
2025-12-30T08:03:38,1767110618,1694,1787,18,536,24095,15104,0,0,0,0,1516,24,32,31,4,3346,3333,193,149,16,2,530,234,31,94,53.6,169.4,178.7,1.8,19.3,14.9,3.346,3.333
2025-12-30T08:13:39,1767111219,1965,2081,18,536,24098,15104,21,20,0,0,1991,24,32,31,4,3344,3334,195,151,16,2,529,237,34,94,53.6,196.5,208.1,1.8,19.5,15.1,3.344,3.334
2025-12-30T08:23:40,1767111820,2517,2456,16,536,24100,15104,31,28,0,0,1977,25,32,32,4,3343,3333,196,153,16,2,529,243,36,94,53.6,251.7,245.6,1.6,19.6,15.3,3.343,3.333
2025-12-30T08:33:41,1767112421,1735,3623,11,536,24103,15104,38,58,0,0,1505,26,33,33,4,3349,3337,199,155,16,2,530,249,39,94,53.6,173.5,362.3,1.1,19.9,15.5,3.349,3.337
2025-12-30T08:43:42,1767113022,2931,3636,11,537,24105,15104,45,76,0,0,1426,26,33,33,4,3350,3338,202,159,16,2,530,250,41,94,53.7,293.1,363.6,1.1,20.2,15.9,3.35,3.338
2025-12-30T08:53:43,1767113623,1816,3649,3,537,24108,15104,53,115,0,0,1314,26,33,33,4,3352,3339,204,162,16,2,531,251,44,94,53.7,181.6,364.9,0.3,20.4,16.2,3.352,3.339
2025-12-30T09:03:44,1767114224,2546,3640,4,537,24111,15104,77,100,0,0,1259,26,34,33,4,3354,3340,207,166,16,2,531,253,47,94,53.7,254.6,364.0,0.4,20.7,16.6,3.354,3.34
2025-12-30T09:13:45,1767114825,2690,3816,1,536,24114,15104,52,72,0,0,1937,26,34,34,4,3347,3335,210,169,16,2,530,258,50,94,53.6,269.0,381.6,0.1,21.0,16.9,3.347,3.335
2025-12-30T09:23:46,1767115426,2662,3945,0,536,24116,15104,49,77,0,0,1958,27,34,35,4,3349,3336,214,172,16,2,530,265,52,94,53.6,266.2,394.5,0.0,21.4,17.2,3.349,3.336
2025-12-30T09:33:46,1767116026,2813,3861,0,538,24119,15104,81,285,0,0,1059,27,35,35,4,3360,3344,216,176,16,2,532,268,55,94,53.8,281.3,386.1,0.0,21.6,17.6,3.36,3.344
2025-12-30T09:43:47,1767116627,3053,3989,6,540,24122,15104,221,1112,0,0,212,27,35,35,4,3373,3353,219,180,16,2,534,266,58,94,54.0,305.3,398.9,0.6,21.9,18.0,3.373,3.353
2025-12-30T09:53:48,1767117228,3180,3898,6,542,24126,15616,335,1451,0,318,0,26,34,34,4,3385,3368,226,188,16,2,537,259,62,94,54.2,318.0,389.8,0.6,22.6,18.8,3.385,3.368
2025-12-30T10:03:49,1767117829,3602,3863,5,542,24130,15104,383,916,0,0,204,26,34,34,4,3382,3373,232,194,16,2,536,258,66,94,54.2,360.2,386.3,0.5,23.2,19.4,3.382,3.373
2025-12-30T10:13:50,1767118430,3648,4068,0,541,24134,15104,328,389,0,0,1226,27,35,35,4,3380,3367,233,195,16,2,535,264,70,94,54.1,364.8,406.8,0.0,23.3,19.5,3.38,3.367
2025-12-30T10:23:51,1767119031,3639,4100,0,541,24136,15104,447,500,0,0,1150,28,36,37,4,3382,3369,233,196,16,2,535,273,72,94,54.1,363.9,410.0,0.0,23.3,19.6,3.382,3.369
2025-12-30T10:33:52,1767119632,3570,4045,0,542,24140,15104,368,394,0,0,612,28,36,37,4,3388,3376,235,199,16,2,536,275,76,94,54.2,357.0,404.5,0.0,23.5,19.9,3.388,3.376
2025-12-30T10:43:53,1767120233,3692,4075,0,542,24143,15104,345,369,0,0,793,28,36,37,4,3390,3377,237,201,16,2,537,275,79,94,54.2,369.2,407.5,0.0,23.7,20.1,3.39,3.377
2025-12-30T10:53:54,1767120834,3741,4001,0,543,24146,15104,358,437,0,0,519,28,36,36,4,3395,3380,238,202,16,2,537,274,82,94,54.3,374.1,400.1,0.0,23.8,20.2,3.395,3.38
2025-12-30T11:03:55,1767121435,3810,4112,0,543,24150,15104,487,736,0,0,1154,27,36,36,4,3396,3380,239,204,16,2,537,269,86,94,54.3,381.0,411.2,0.0,23.9,20.4,3.396,3.38
2025-12-30T11:13:56,1767122036,3576,3978,3,543,24154,15104,300,338,0,0,1581,28,35,36,4,3392,3380,239,206,16,2,537,269,90,94,54.3,357.6,397.8,0.3,23.9,20.6,3.392,3.38
2025-12-30T11:23:57,1767122637,3796,4057,3,545,24157,15104,410,444,0,0,1114,28,36,37,4,3404,3391,241,207,16,2,539,273,93,94,54.5,379.6,405.7,0.3,24.1,20.7,3.404,3.391
2025-12-30T11:33:58,1767123238,3877,4017,1,551,24161,15104,400,427,0,0,505,28,36,37,4,3443,3419,244,211,16,2,546,274,97,94,55.1,387.7,401.7,0.1,24.4,21.1,3.443,3.419
2025-12-30T11:43:58,1767123838,3994,4086,3,536,24163,15104,363,403,0,0,566,28,36,37,4,3348,3339,244,211,16,2,529,271,99,94,53.6,399.4,408.6,0.3,24.4,21.1,3.348,3.339
2025-12-30T11:53:59,1767124439,3947,4042,0,532,24162,15104,212,212,0,0,1042,27,36,36,4,3328,3317,241,209,16,2,525,267,98,94,53.2,394.7,404.2,0.0,24.1,20.9,3.328,3.317
2025-12-30T12:04:00,1767125040,3940,4078,3,532,24162,15104,442,453,0,0,732,27,36,36,4,3324,3314,241,208,16,2,525,265,98,94,53.2,394.0,407.8,0.3,24.1,20.8,3.324,3.314
